{"stat.walkOneCm":3124,"stat.craftItem.minecraft.planks":24,"stat.leaveGame":1,"stat.damageTaken":30,"stat.craftItem.minecraft.crafting_table":1,"stat.craftItem.minecraft.stone_pickaxe":1,"stat.useItem.minecraft.wooden_pickaxe":6,"stat.pickup.minecraft.cobblestone":21,"stat.mineBlock.minecraft.log":6,"stat.pickup.minecraft.log":6,"stat.pickup.jurassicraft.crickets":1,"stat.flyOneCm":2183,"stat.jump":29,"stat.playOneMinute":9017,"stat.fallOneCm":775,"stat.useItem.minecraft.stone_pickaxe":16,"stat.timeSinceDeath":9017,"stat.pickup.minecraft.dirt":16,"stat.mineBlock.minecraft.dirt":16,"stat.sprintOneCm":3774,"stat.useItem.minecraft.stone_slab2":1,"stat.craftItem.minecraft.wooden_pickaxe":1,"stat.mineBlock.minecraft.stone":21,"stat.mineBlock.minecraft.tallgrass":1,"stat.craftItem.minecraft.stick":4,"stat.craftingTableInteraction":2}