{"stat.pickup.minecraft.pumpkin":2,"stat.pickup.minecraft.bone":1,"stat.leaveGame":2,"stat.mineBlock.minecraft.cobblestone":6,"stat.mineBlock.minecraft.pumpkin":2,"stat.pickup.jurassicraft.crickets":1,"stat.pickup.zoocraftdiscoveries.seed_mint":1,"stat.jump":379,"stat.swimOneCm":3517,"stat.pickup.minecraft.coal":13,"stat.fallOneCm":7745,"stat.useItem.minecraft.stone_axe":54,"stat.pickup.enderzoo.enderfragment":1,"stat.pickup.minecraft.spider_eye":1,"stat.pickup.minecraft.dirt":22,"stat.useItem.minecraft.stone_slab2":3,"stat.craftingTableInteraction":6,"stat.pickup.minecraft.rotten_flesh":3,"stat.craftItem.minecraft.furnace":1,"stat.craftItem.minecraft.stone_axe":1,"stat.damageTaken":355,"stat.pickup.minecraft.leather":2,"stat.craftItem.minecraft.stone_pickaxe":1,"stat.mineBlock.minecraft.furnace":1,"stat.useItem.minecraft.wooden_pickaxe":6,"stat.craftItem.minecraft.cooked_beef":3,"stat.pickup.minecraft.cobblestone":78,"stat.pickup.minecraft.reeds":6,"stat.flyOneCm":60771,"stat.useItem.minecraft.stone_pickaxe":23,"stat.useItem.minecraft.cooked_beef":3,"stat.damageDealt":1269,"stat.timeSinceDeath":29449,"stat.killEntity.Cow":1,"stat.mineBlock.minecraft.dirt":21,"stat.craftItem.minecraft.wooden_pickaxe":1,"stat.pickup.minecraft.mutton":7,"stat.walkOneCm":26348,"stat.pickup.minecraft.crafting_table":1,"stat.useItem.minecraft.cobblestone":1,"stat.craftItem.minecraft.crafting_table":1,"stat.furnaceInteraction":6,"stat.pickup.minecraft.log":40,"stat.pickup.minecraft.string":3,"stat.pickup.jurassicraft.cockroaches":1,"stat.pickup.minecraft.beef":3,"stat.pickup.minecraft.furnace":1,"stat.craftItem.hammertime.itemhammerstone":1,"stat.craftItem.minecraft.stone_slab2":0,"stat.pickup.minecraft.stone":6,"stat.pickup.minecraft.ender_pearl":1,"stat.pickup.minecraft.sapling":6,"stat.sprintOneCm":59645,"stat.craftItem.minecraft.stick":8,"stat.killEntity.Skeleton":1,"stat.craftItem.minecraft.planks":24,"stat.craftItem.minecraft.stone":5,"stat.mineBlock.minecraft.crafting_table":1,"stat.killEntity.Spider":2,"stat.mobKills":11,"stat.mineBlock.minecraft.log":40,"stat.pickup.minecraft.egg":1,"stat.playOneMinute":29449,"stat.killEntity.Sheep":4,"stat.pickup.minecraft.wool":4,"stat.killEntity.Zombie":1,"stat.mineBlock.minecraft.stone":21,"stat.mineBlock.minecraft.tallgrass":2,"stat.diveOneCm":2875}