{"stat.walkOneCm":16323,"stat.leaveGame":2,"stat.pickup.minecraft.crafting_table":1,"stat.useItem.minecraft.cobblestone":1,"stat.craftItem.minecraft.crafting_table":1,"stat.furnaceInteraction":5,"stat.pickup.minecraft.log":40,"stat.pickup.jurassicraft.crickets":1,"stat.pickup.minecraft.string":2,"stat.pickup.zoocraftdiscoveries.seed_mint":1,"stat.jump":269,"stat.swimOneCm":3508,"stat.pickup.minecraft.coal":13,"stat.fallOneCm":4313,"stat.pickup.minecraft.beef":3,"stat.pickup.minecraft.furnace":1,"stat.craftItem.hammertime.itemhammerstone":1,"stat.useItem.minecraft.stone_axe":41,"stat.craftItem.minecraft.stone_slab2":0,"stat.pickup.minecraft.stone":6,"stat.pickup.enderzoo.enderfragment":1,"stat.pickup.minecraft.spider_eye":1,"stat.pickup.minecraft.ender_pearl":1,"stat.pickup.minecraft.sapling":6,"stat.pickup.minecraft.dirt":21,"stat.sprintOneCm":46172,"stat.useItem.minecraft.stone_slab2":2,"stat.craftItem.minecraft.stick":8,"stat.craftingTableInteraction":6,"stat.craftItem.minecraft.furnace":1,"stat.craftItem.minecraft.planks":24,"stat.craftItem.minecraft.stone":5,"stat.craftItem.minecraft.stone_axe":1,"stat.damageTaken":267,"stat.pickup.minecraft.leather":2,"stat.mineBlock.minecraft.crafting_table":1,"stat.killEntity.Spider":1,"stat.craftItem.minecraft.stone_pickaxe":1,"stat.mineBlock.minecraft.furnace":1,"stat.useItem.minecraft.wooden_pickaxe":6,"stat.craftItem.minecraft.cooked_beef":3,"stat.pickup.minecraft.cobblestone":72,"stat.mobKills":3,"stat.mineBlock.minecraft.log":40,"stat.pickup.minecraft.reeds":6,"stat.flyOneCm":41109,"stat.pickup.minecraft.egg":1,"stat.playOneMinute":21713,"stat.useItem.minecraft.stone_pickaxe":17,"stat.useItem.minecraft.cooked_beef":3,"stat.damageDealt":510,"stat.timeSinceDeath":21713,"stat.killEntity.Cow":1,"stat.mineBlock.minecraft.dirt":21,"stat.craftItem.minecraft.wooden_pickaxe":1,"stat.mineBlock.minecraft.stone":21,"stat.mineBlock.minecraft.tallgrass":1,"stat.diveOneCm":2875}