{"stat.chestOpened":1,"stat.pickup.minecraft.pumpkin":2,"stat.pickup.minecraft.bone":1,"stat.leaveGame":2,"stat.mineBlock.minecraft.cobblestone":6,"stat.mineBlock.minecraft.pumpkin":2,"stat.craftItem.minecraft.wool":2,"stat.pickup.jurassicraft.crickets":1,"stat.pickup.zoocraftdiscoveries.seed_mint":1,"stat.jump":692,"stat.swimOneCm":6237,"stat.pickup.minecraft.coal":30,"stat.fallOneCm":14733,"stat.useItem.minecraft.stone_axe":76,"stat.crouchOneCm":596,"stat.pickup.enderzoo.enderfragment":1,"stat.pickup.minecraft.spider_eye":1,"stat.craftItem.minecraft.torch":16,"stat.pickup.minecraft.dirt":22,"stat.useItem.minecraft.stone_slab2":4,"stat.craftingTableInteraction":7,"stat.pickup.minecraft.rotten_flesh":5,"stat.craftItem.minecraft.furnace":1,"stat.craftItem.minecraft.stone_axe":1,"stat.damageTaken":507,"stat.pickup.minecraft.leather":5,"stat.craftItem.minecraft.stone_pickaxe":1,"stat.mineBlock.minecraft.furnace":2,"stat.useItem.minecraft.wooden_pickaxe":6,"stat.craftItem.minecraft.cooked_beef":3,"stat.pickup.minecraft.cobblestone":98,"stat.pickup.minecraft.reeds":6,"stat.flyOneCm":123142,"stat.useItem.minecraft.stone_pickaxe":24,"stat.useItem.minecraft.cooked_beef":3,"stat.damageDealt":2539,"stat.timeSinceDeath":41149,"stat.killEntity.if_pixie":1,"stat.killEntity.Cow":4,"stat.mineBlock.minecraft.dirt":21,"stat.craftItem.minecraft.wooden_pickaxe":1,"stat.pickup.minecraft.mutton":15,"stat.killEntity.zoocraftdiscoveries.capybara":1,"stat.pickup.minecraft.double_plant":1,"stat.walkOneCm":43450,"stat.useItem.minecraft.torch":4,"stat.pickup.minecraft.crafting_table":2,"stat.useItem.minecraft.cobblestone":10,"stat.craftItem.minecraft.crafting_table":1,"stat.furnaceInteraction":7,"stat.craftItem.travellersbackpack.sleeping_bag_bottom":1,"stat.pickup.minecraft.log":40,"stat.pickup.minecraft.string":3,"stat.pickup.jurassicraft.cockroaches":1,"stat.pickup.minecraft.beef":10,"stat.pickup.minecraft.furnace":2,"stat.useItem.minecraft.cooked_mutton":5,"stat.craftItem.hammertime.itemhammerstone":1,"stat.craftItem.minecraft.stone_slab2":0,"stat.pickup.minecraft.stone":6,"stat.pickup.zoocraftdiscoveries.seed_coriander":1,"stat.pickup.minecraft.ender_pearl":1,"stat.pickup.minecraft.sapling":7,"stat.sprintOneCm":94987,"stat.craftItem.minecraft.stick":12,"stat.killEntity.Skeleton":1,"stat.craftItem.minecraft.planks":24,"stat.craftItem.minecraft.stone":5,"stat.mineBlock.minecraft.crafting_table":2,"stat.killEntity.Spider":2,"stat.mobKills":23,"stat.mineBlock.minecraft.log":40,"stat.pickup.minecraft.egg":1,"stat.mineBlock.minecraft.leaves":3,"stat.playOneMinute":41149,"stat.killEntity.Sheep":9,"stat.sneakTime":120,"stat.pickup.minecraft.wool":14,"stat.killEntity.Zombie":3,"stat.craftItem.minecraft.dye":2,"stat.mineBlock.minecraft.stone":21,"stat.mineBlock.minecraft.tallgrass":2,"stat.craftItem.minecraft.cooked_mutton":7,"stat.diveOneCm":14231}